heart_rate,motion_intensity
30,40
30,41
30,42
30,43
30,44
30,45
30,46
30,47
30,48
30,49
30,50
30,51
30,52
30,53
30,54
30,55
30,56
30,57
30,58
30,59
30,60
30,61
30,62
30,63
30,64
30,65
30,66
30,67
30,68
30,69
30,70
30,71
30,72
30,73
30,74
30,75
30,76
30,77
30,78
30,79
30,80
31,40
31,41
31,42
31,43
31,44
31,45
31,46
31,47
31,48
31,49
31,50
31,51
31,52
31,53
31,54
31,55
31,56
31,57
31,58
31,59
31,60
31,61
31,62
31,63
31,64
31,65
31,66
31,67
31,68
31,69
31,70
31,71
31,72
31,73
31,74
31,75
31,76
31,77
31,78
31,79
31,80
32,40
32,41
32,42
32,43
32,44
32,45
32,46
32,47
32,48
32,49
32,50
32,51
32,52
32,53
32,54
32,55
32,56
32,57
32,58
32,59
32,60
32,61
32,62
32,63
32,64
32,65
32,66
32,67
32,68
32,69
32,70
32,71
32,72
32,73
32,74
32,75
32,76
32,77
32,78
32,79
32,80
33,40
33,41
33,42
33,43
33,44
33,45
33,46
33,47
33,48
33,49
33,50
33,51
33,52
33,53
33,54
33,55
33,56
33,57
33,58
33,59
33,60
33,61
33,62
33,63
33,64
33,65
33,66
33,67
33,68
33,69
33,70
33,71
33,72
33,73
33,74
33,75
33,76
33,77
33,78
33,79
33,80
34,40
34,41
34,42
34,43
34,44
34,45
34,46
34,47
34,48
34,49
34,50
34,51
34,52
34,53
34,54
34,55
34,56
34,57
34,58
34,59
34,60
34,61
34,62
34,63
34,64
34,65
34,66
34,67
34,68
34,69
34,70
34,71
34,72
34,73
34,74
34,75
34,76
34,77
34,78
34,79
34,80
35,40
35,41
35,42
35,43
35,44
35,45
35,46
35,47
35,48
35,49
35,50
35,51
35,52
35,53
35,54
35,55
35,56
35,57
35,58
35,59
35,60
35,61
35,62
35,63
35,64
35,65
35,66
35,67
35,68
35,69
35,70
35,71
35,72
35,73
35,74
35,75
35,76
35,77
35,78
35,79
35,80
36,40
36,41
36,42
36,43
36,44
36,45
36,46
36,47
36,48
36,49
36,50
36,51
36,52
36,53
36,54
36,55
36,56
36,57
36,58
36,59
36,60
36,61
36,62
36,63
36,64
36,65
36,66
36,67
36,68
36,69
36,70
36,71
36,72
36,73
36,74
36,75
36,76
36,77
36,78
36,79
36,80
37,40
37,41
37,42
37,43
37,44
37,45
37,46
37,47
37,48
37,49
37,50
37,51
37,52
37,53
37,54
37,55
37,56
37,57
37,58
37,59
37,60
37,61
37,62
37,63
37,64
37,65
37,66
37,67
37,68
37,69
37,70
37,71
37,72
37,73
37,74
37,75
37,76
37,77
37,78
37,79
37,80
38,40
38,41
38,42
38,43
38,44
38,45
38,46
38,47
38,48
38,49
38,50
38,51
38,52
38,53
38,54
38,55
38,56
38,57
38,58
38,59
38,60
38,61
38,62
38,63
38,64
38,65
38,66
38,67
38,68
38,69
38,70
38,71
38,72
38,73
38,74
38,75
38,76
38,77
38,78
38,79
38,80
39,40
39,41
39,42
39,43
39,44
39,45
39,46
39,47
39,48
39,49
39,50
39,51
39,52
39,53
39,54
39,55
39,56
39,57
39,58
39,59
39,60
39,61
39,62
39,63
39,64
39,65
39,66
39,67
39,68
39,69
39,70
39,71
39,72
39,73
39,74
39,75
39,76
39,77
39,78
39,79
39,80
40,40
40,41
40,42
40,43
40,44
40,45
40,46
40,47
40,48
40,49
40,50
40,51
40,52
40,53
40,54
40,55
40,56
40,57
40,58
40,59
40,60
40,61
40,62
40,63
40,64
40,65
40,66
40,67
40,68
40,69
40,70
40,71
40,72
40,73
40,74
40,75
40,76
40,77
40,78
40,79
40,80
41,40
41,41
41,42
41,43
41,44
41,45
41,46
41,47
41,48
41,49
41,50
41,51
41,52
41,53
41,54
41,55
41,56
41,57
41,58
41,59
41,60
41,61
41,62
41,63
41,64
41,65
41,66
41,67
41,68
41,69
41,70
41,71
41,72
41,73
41,74
41,75
41,76
41,77
41,78
41,79
41,80
42,40
42,41
42,42
42,43
42,44
42,45
42,46
42,47
42,48
42,49
42,50
42,51
42,52
42,53
42,54
42,55
42,56
42,57
42,58
42,59
42,60
42,61
42,62
42,63
42,64
42,65
42,66
42,67
42,68
42,69
42,70
42,71
42,72
42,73
42,74
42,75
42,76
42,77
42,78
42,79
42,80
43,40
43,41
43,42
43,43
43,44
43,45
43,46
43,47
43,48
43,49
43,50
43,51
43,52
43,53
43,54
43,55
43,56
43,57
43,58
43,59
43,60
43,61
43,62
43,63
43,64
43,65
43,66
43,67
43,68
43,69
43,70
43,71
43,72
43,73
43,74
43,75
43,76
43,77
43,78
43,79
43,80
44,40
44,41
44,42
44,43
44,44
44,45
44,46
44,47
44,48
44,49
44,50
44,51
44,52
44,53
44,54
44,55
44,56
44,57
44,58
44,59
44,60
44,61
44,62
44,63
44,64
44,65
44,66
44,67
44,68
44,69
44,70
44,71
44,72
44,73
44,74
44,75
44,76
44,77
44,78
44,79
44,80
45,40
45,41
45,42
45,43
45,44
45,45
45,46
45,47
45,48
45,49
45,50
45,51
45,52
45,53
45,54
45,55
45,56
45,57
45,58
45,59
45,60
45,61
45,62
45,63
45,64
45,65
45,66
45,67
45,68
45,69
45,70
45,71
45,72
45,73
45,74
45,75
45,76
45,77
45,78
45,79
45,80
46,40
46,41
46,42
46,43
46,44
46,45
46,46
46,47
46,48
46,49
46,50
46,51
46,52
46,53
46,54
46,55
46,56
46,57
46,58
46,59
46,60
46,61
46,62
46,63
46,64
46,65
46,66
46,67
46,68
46,69
46,70
46,71
46,72
46,73
46,74
46,75
46,76
46,77
46,78
46,79
46,80
47,40
47,41
47,42
47,43
47,44
47,45
47,46
47,47
47,48
47,49
47,50
47,51
47,52
47,53
47,54
47,55
47,56
47,57
47,58
47,59
47,60
47,61
47,62
47,63
47,64
47,65
47,66
47,67
47,68
47,69
47,70
47,71
47,72
47,73
47,74
47,75
47,76
47,77
47,78
47,79
47,80
48,40
48,41
48,42
48,43
48,44
48,45
48,46
48,47
48,48
48,49
48,50
48,51
48,52
48,53
48,54
48,55
48,56
48,57
48,58
48,59
48,60
48,61
48,62
48,63
48,64
48,65
48,66
48,67
48,68
48,69
48,70
48,71
48,72
48,73
48,74
48,75
48,76
48,77
48,78
48,79
48,80
49,40
49,41
49,42
49,43
49,44
49,45
49,46
49,47
49,48
49,49
49,50
49,51
49,52
49,53
49,54
49,55
49,56
49,57
49,58
49,59
49,60
49,61
49,62
49,63
49,64
49,65
49,66
49,67
49,68
49,69
49,70
49,71
49,72
49,73
49,74
49,75
49,76
49,77
49,78
49,79
49,80
50,40
50,41
50,42
50,43
50,44
50,45
50,46
50,47
50,48
50,49
50,50
50,51
50,52
50,53
50,54
50,55
50,56
50,57
50,58
50,59
50,60
50,61
50,62
50,63
50,64
50,65
50,66
50,67
50,68
50,69
50,70
50,71
50,72
50,73
50,74
50,75
50,76
50,77
50,78
50,79
50,80
51,40
51,41
51,42
51,43
51,44
51,45
51,46
51,47
51,48
51,49
51,50
51,51
51,52
51,53
51,54
51,55
51,56
51,57
51,58
51,59
51,60
51,61
51,62
51,63
51,64
51,65
51,66
51,67
51,68
51,69
51,70
51,71
51,72
51,73
51,74
51,75
51,76
51,77
51,78
51,79
51,80
52,40
52,41
52,42
52,43
52,44
52,45
52,46
52,47
52,48
52,49
52,50
52,51
52,52
52,53
52,54
52,55
52,56
52,57
52,58
52,59
52,60
52,61
52,62
52,63
52,64
52,65
52,66
52,67
52,68
52,69
52,70
52,71
52,72
52,73
52,74
52,75
52,76
52,77
52,78
52,79
52,80
53,40
53,41
53,42
53,43
53,44
53,45
53,46
53,47
53,48
53,49
53,50
53,51
53,52
53,53
53,54
53,55
53,56
53,57
53,58
53,59
53,60
53,61
53,62
53,63
53,64
53,65
53,66
53,67
53,68
53,69
53,70
53,71
53,72
53,73
53,74
53,75
53,76
53,77
53,78
53,79
53,80
54,40
54,41
54,42
54,43
54,44
54,45
54,46
54,47
54,48
54,49
54,50
54,51
54,52
54,53
54,54
54,55
54,56
54,57
54,58
54,59
54,60
54,61
54,62
54,63
54,64
54,65
54,66
54,67
54,68
54,69
54,70
54,71
54,72
54,73
54,74
54,75
54,76
54,77
54,78
54,79
54,80
55,40
55,41
55,42
55,43
55,44
55,45
55,46
55,47
55,48
55,49
55,50
55,51
55,52
55,53
55,54
55,55
55,56
55,57
55,58
55,59
55,60
55,61
55,62
55,63
55,64
55,65
55,66
55,67
55,68
55,69
55,70
55,71
55,72
55,73
55,74
55,75
55,76
55,77
55,78
55,79
55,80
56,40
56,41
56,42
56,43
56,44
56,45
56,46
56,47
56,48
56,49
56,50
56,51
56,52
56,53
56,54
56,55
56,56
56,57
56,58
56,59
56,60
56,61
56,62
56,63
56,64
56,65
56,66
56,67
56,68
56,69
56,70
56,71
56,72
56,73
56,74
56,75
56,76
56,77
56,78
56,79
56,80
57,40
57,41
57,42
57,43
57,44
57,45
57,46
57,47
57,48
57,49
57,50
57,51
57,52
57,53
57,54
57,55
57,56
57,57
57,58
57,59
57,60
57,61
57,62
57,63
57,64
57,65
57,66
57,67
57,68
57,69
57,70
57,71
57,72
57,73
57,74
57,75
57,76
57,77
57,78
57,79
57,80
58,40
58,41
58,42
58,43
58,44
58,45
58,46
58,47
58,48
58,49
58,50
58,51
58,52
58,53
58,54
58,55
58,56
58,57
58,58
58,59
58,60
58,61
58,62
58,63
58,64
58,65
58,66
58,67
58,68
58,69
58,70
58,71
58,72
58,73
58,74
58,75
58,76
58,77
58,78
58,79
58,80
59,40
59,41
59,42
59,43
59,44
59,45
59,46
59,47
59,48
59,49
59,50
59,51
59,52
59,53
59,54
59,55
59,56
59,57
59,58
59,59
59,60
59,61
59,62
59,63
59,64
59,65
59,66
59,67
59,68
59,69
59,70
59,71
59,72
59,73
59,74
59,75
59,76
59,77
59,78
59,79
59,80
60,40
60,41
60,42
60,43
60,44
60,45
60,46
60,47
60,48
60,49
60,50
60,51
60,52
60,53
60,54
60,55
60,56
60,57
60,58
60,59
60,60
60,61
60,62
60,63
60,64
60,65
60,66
60,67
60,68
60,69
60,70
60,71
60,72
60,73
60,74
60,75
60,76
60,77
60,78
60,79
60,80
61,40
61,41
61,42
61,43
61,44
61,45
61,46
61,47
61,48
61,49
61,50
61,51
61,52
61,53
61,54
61,55
61,56
61,57
61,58
61,59
61,60
61,61
61,62
61,63
61,64
61,65
61,66
61,67
61,68
61,69
61,70
61,71
61,72
61,73
61,74
61,75
61,76
61,77
61,78
61,79
61,80
62,40
62,41
62,42
62,43
62,44
62,45
62,46
62,47
62,48
62,49
62,50
62,51
62,52
62,53
62,54
62,55
62,56
62,57
62,58
62,59
62,60
62,61
62,62
62,63
62,64
62,65
62,66
62,67
62,68
62,69
62,70
62,71
62,72
62,73
62,74
62,75
62,76
62,77
62,78
62,79
62,80
63,40
63,41
63,42
63,43
63,44
63,45
63,46
63,47
63,48
63,49
63,50
63,51
63,52
63,53
63,54
63,55
63,56
63,57
63,58
63,59
63,60
63,61
63,62
63,63
63,64
63,65
63,66
63,67
63,68
63,69
63,70
63,71
63,72
63,73
63,74
63,75
63,76
63,77
63,78
63,79
63,80
64,40
64,41
64,42
64,43
64,44
64,45
64,46
64,47
64,48
64,49
64,50
64,51
64,52
64,53
64,54
64,55
64,56
64,57
64,58
64,59
64,60
64,61
64,62
64,63
64,64
64,65
64,66
64,67
64,68
64,69
64,70
64,71
64,72
64,73
64,74
64,75
64,76
64,77
64,78
64,79
64,80
65,40
65,41
65,42
65,43
65,44
65,45
65,46
65,47
65,48
65,49
65,50
65,51
65,52
65,53
65,54
65,55
65,56
65,57
65,58
65,59
65,60
65,61
65,62
65,63
65,64
65,65
65,66
65,67
65,68
65,69
65,70
65,71
65,72
65,73
65,74
65,75
65,76
65,77
65,78
65,79
65,80
66,40
66,41
66,42
66,43
66,44
66,45
66,46
66,47
66,48
66,49
66,50
66,51
66,52
66,53
66,54
66,55
66,56
66,57
66,58
66,59
66,60
66,61
66,62
66,63
66,64
66,65
66,66
66,67
66,68
66,69
66,70
66,71
66,72
66,73
66,74
66,75
66,76
66,77
66,78
66,79
66,80
67,40
67,41
67,42
67,43
67,44
67,45
67,46
67,47
67,48
67,49
67,50
67,51
67,52
67,53
67,54
67,55
67,56
67,57
67,58
67,59
67,60
67,61
67,62
67,63
67,64
67,65
67,66
67,67
67,68
67,69
67,70
67,71
67,72
67,73
67,74
67,75
67,76
67,77
67,78
67,79
67,80
68,40
68,41
68,42
68,43
68,44
68,45
68,46
68,47
68,48
68,49
68,50
68,51
68,52
68,53
68,54
68,55
68,56
68,57
68,58
68,59
68,60
68,61
68,62
68,63
68,64
68,65
68,66
68,67
68,68
68,69
68,70
68,71
68,72
68,73
68,74
68,75
68,76
68,77
68,78
68,79
68,80
69,40
69,41
69,42
69,43
69,44
69,45
69,46
69,47
69,48
69,49
69,50
69,51
69,52
69,53
69,54
69,55
69,56
69,57
69,58
69,59
69,60
69,61
69,62
69,63
69,64
69,65
69,66
69,67
69,68
69,69
69,70
69,71
69,72
69,73
69,74
69,75
69,76
69,77
69,78
69,79
69,80
70,40
70,41
70,42
70,43
70,44
70,45
70,46
70,47
70,48
70,49
70,50
70,51
70,52
70,53
70,54
70,55
70,56
70,57
70,58
70,59
70,60
70,61
70,62
70,63
70,64
70,65
70,66
70,67
70,68
70,69
70,70
70,71
70,72
70,73
70,74
70,75
70,76
70,77
70,78
70,79
70,80
71,40
71,41
71,42
71,43
71,44
71,45
71,46
71,47
71,48
71,49
71,50
71,51
71,52
71,53
71,54
71,55
71,56
71,57
71,58
71,59
71,60
71,61
71,62
71,63
71,64
71,65
71,66
71,67
71,68
71,69
71,70
71,71
71,72
71,73
71,74
71,75
71,76
71,77
71,78
71,79
71,80
72,40
72,41
72,42
72,43
72,44
72,45
72,46
72,47
72,48
72,49
72,50
72,51
72,52
72,53
72,54
72,55
72,56
72,57
72,58
72,59
72,60
72,61
72,62
72,63
72,64
72,65
72,66
72,67
72,68
72,69
72,70
72,71
72,72
72,73
72,74
72,75
72,76
72,77
72,78
72,79
72,80
73,40
73,41
73,42
73,43
73,44
73,45
73,46
73,47
73,48
73,49
73,50
73,51
73,52
73,53
73,54
73,55
73,56
73,57
73,58
73,59
73,60
73,61
73,62
73,63
73,64
73,65
73,66
73,67
73,68
73,69
73,70
73,71
73,72
73,73
73,74
73,75
73,76
73,77
73,78
73,79
73,80
74,40
74,41
74,42
74,43
74,44
74,45
74,46
74,47
74,48
74,49
74,50
74,51
74,52
74,53
74,54
74,55
74,56
74,57
74,58
74,59
74,60
74,61
74,62
74,63
74,64
74,65
74,66
74,67
74,68
74,69
74,70
74,71
74,72
74,73
74,74
74,75
74,76
74,77
74,78
74,79
74,80
75,40
75,41
75,42
75,43
75,44
75,45
75,46
75,47
75,48
75,49
75,50
75,51
75,52
75,53
75,54
75,55
75,56
75,57
75,58
75,59
75,60
75,61
75,62
75,63
75,64
75,65
75,66
75,67
75,68
75,69
75,70
75,71
75,72
75,73
75,74
75,75
75,76
75,77
75,78
75,79
75,80
76,40
76,41
76,42
76,43
76,44
76,45
76,46
76,47
76,48
76,49
76,50
76,51
76,52
76,53
76,54
76,55
76,56
76,57
76,58
76,59
76,60
76,61
76,62
76,63
76,64
76,65
76,66
76,67
76,68
76,69
76,70
76,71
76,72
76,73
76,74
76,75
76,76
76,77
76,78
76,79
76,80
77,40
77,41
77,42
77,43
77,44
77,45
77,46
77,47
77,48
77,49
77,50
77,51
77,52
77,53
77,54
77,55
77,56
77,57
77,58
77,59
77,60
77,61
77,62
77,63
77,64
77,65
77,66
77,67
77,68
77,69
77,70
77,71
77,72
77,73
77,74
77,75
77,76
77,77
77,78
77,79
77,80
78,40
78,41
78,42
78,43
78,44
78,45
78,46
78,47
78,48
78,49
78,50
78,51
78,52
78,53
78,54
78,55
78,56
78,57
78,58
78,59
78,60
78,61
78,62
78,63
78,64
78,65
78,66
78,67
78,68
78,69
78,70
78,71
78,72
78,73
78,74
78,75
78,76
78,77
78,78
78,79
78,80
79,40
79,41
79,42
79,43
79,44
79,45
79,46
79,47
79,48
79,49
79,50
79,51
79,52
79,53
79,54
79,55
79,56
79,57
79,58
79,59
79,60
79,61
79,62
79,63
79,64
79,65
79,66
79,67
79,68
79,69
79,70
79,71
79,72
79,73
79,74
79,75
79,76
79,77
79,78
79,79
79,80
80,40
80,41
80,42
80,43
80,44
80,45
80,46
80,47
80,48
80,49
80,50
80,51
80,52
80,53
80,54
80,55
80,56
80,57
80,58
80,59
80,60
80,61
80,62
80,63
80,64
80,65
80,66
80,67
80,68
80,69
80,70
80,71
80,72
80,73
80,74
80,75
80,76
80,77
80,78
80,79
80,80
81,40
81,41
81,42
81,43
81,44
81,45
81,46
81,47
81,48
81,49
81,50
81,51
81,52
81,53
81,54
81,55
81,56
81,57
81,58
81,59
81,60
81,61
81,62
81,63
81,64
81,65
81,66
81,67
81,68
81,69
81,70
81,71
81,72
81,73
81,74
81,75
81,76
81,77
81,78
81,79
81,80
82,40
82,41
82,42
82,43
82,44
82,45
82,46
82,47
82,48
82,49
82,50
82,51
82,52
82,53
82,54
82,55
82,56
82,57
82,58
82,59
82,60
82,61
82,62
82,63
82,64
82,65
82,66
82,67
82,68
82,69
82,70
82,71
82,72
82,73
82,74
82,75
82,76
82,77
82,78
82,79
82,80
83,40
83,41
83,42
83,43
83,44
83,45
83,46
83,47
83,48
83,49
83,50
83,51
83,52
83,53
83,54
83,55
83,56
83,57
83,58
83,59
83,60
83,61
83,62
83,63
83,64
83,65
83,66
83,67
83,68
83,69
83,70
83,71
83,72
83,73
83,74
83,75
83,76
83,77
83,78
83,79
83,80
84,40
84,41
84,42
84,43
84,44
84,45
84,46
84,47
84,48
84,49
84,50
84,51
84,52
84,53
84,54
84,55
84,56
84,57
84,58
84,59
84,60
84,61
84,62
84,63
84,64
84,65
84,66
84,67
84,68
84,69
84,70
84,71
84,72
84,73
84,74
84,75
84,76
84,77
84,78
84,79
84,80
85,40
85,41
85,42
85,43
85,44
85,45
85,46
85,47
85,48
85,49
85,50
85,51
85,52
85,53
85,54
85,55
85,56
85,57
85,58
85,59
85,60
85,61
85,62
85,63
85,64
85,65
85,66
85,67
85,68
85,69
85,70
85,71
85,72
85,73
85,74
85,75
85,76
85,77
85,78
85,79
85,80
86,40
86,41
86,42
86,43
86,44
86,45
86,46
86,47
86,48
86,49
86,50
86,51
86,52
86,53
86,54
86,55
86,56
86,57
86,58
86,59
86,60
86,61
86,62
86,63
86,64
86,65
86,66
86,67
86,68
86,69
86,70
86,71
86,72
86,73
86,74
86,75
86,76
86,77
86,78
86,79
86,80
87,40
87,41
87,42
87,43
87,44
87,45
87,46
87,47
87,48
87,49
87,50
87,51
87,52
87,53
87,54
87,55
87,56
87,57
87,58
87,59
87,60
87,61
87,62
87,63
87,64
87,65
87,66
87,67
87,68
87,69
87,70
87,71
87,72
87,73
87,74
87,75
87,76
87,77
87,78
87,79
87,80
88,40
88,41
88,42
88,43
88,44
88,45
88,46
88,47
88,48
88,49
88,50
88,51
88,52
88,53
88,54
88,55
88,56
88,57
88,58
88,59
88,60
88,61
88,62
88,63
88,64
88,65
88,66
88,67
88,68
88,69
88,70
88,71
88,72
88,73
88,74
88,75
88,76
88,77
88,78
88,79
88,80
89,40
89,41
89,42
89,43
89,44
89,45
89,46
89,47
89,48
89,49
89,50
89,51
89,52
89,53
89,54
89,55
89,56
89,57
89,58
89,59
89,60
89,61
89,62
89,63
89,64
89,65
89,66
89,67
89,68
89,69
89,70
89,71
89,72
89,73
89,74
89,75
89,76
89,77
89,78
89,79
89,80
90,40
90,41
90,42
90,43
90,44
90,45
90,46
90,47
90,48
90,49
90,50
90,51
90,52
90,53
90,54
90,55
90,56
90,57
90,58
90,59
90,60
90,61
90,62
90,63
90,64
90,65
90,66
90,67
90,68
90,69
90,70
90,71
90,72
90,73
90,74
90,75
90,76
90,77
90,78
90,79
90,80
91,40
91,41
91,42
91,43
91,44
91,45
91,46
91,47
91,48
91,49
91,50
91,51
91,52
91,53
91,54
91,55
91,56
91,57
91,58
91,59
91,60
91,61
91,62
91,63
91,64
91,65
91,66
91,67
91,68
91,69
91,70
91,71
91,72
91,73
91,74
91,75
91,76
91,77
91,78
91,79
91,80
92,40
92,41
92,42
92,43
92,44
92,45
92,46
92,47
92,48
92,49
92,50
92,51
92,52
92,53
92,54
92,55
92,56
92,57
92,58
92,59
92,60
92,61
92,62
92,63
92,64
92,65
92,66
92,67
92,68
92,69
92,70
92,71
92,72
92,73
92,74
92,75
92,76
92,77
92,78
92,79
92,80
93,40
93,41
93,42
93,43
93,44
93,45
93,46
93,47
93,48
93,49
93,50
93,51
93,52
93,53
93,54
93,55
93,56
93,57
93,58
93,59
93,60
93,61
93,62
93,63
93,64
93,65
93,66
93,67
93,68
93,69
93,70
93,71
93,72
93,73
93,74
93,75
93,76
93,77
93,78
93,79
93,80
94,40
94,41
94,42
94,43
94,44
94,45
94,46
94,47
94,48
94,49
94,50
94,51
94,52
94,53
94,54
94,55
94,56
94,57
94,58
94,59
94,60
94,61
94,62
94,63
94,64
94,65
94,66
94,67
94,68
94,69
94,70
94,71
94,72
94,73
94,74
94,75
94,76
94,77
94,78
94,79
94,80
95,40
95,41
95,42
95,43
95,44
95,45
95,46
95,47
95,48
95,49
95,50
95,51
95,52
95,53
95,54
95,55
95,56
95,57
95,58
95,59
95,60
95,61
95,62
95,63
95,64
95,65
95,66
95,67
95,68
95,69
95,70
95,71
95,72
95,73
95,74
95,75
95,76
95,77
95,78
95,79
95,80
96,40
96,41
96,42
96,43
96,44
96,45
96,46
96,47
96,48
96,49
96,50
96,51
96,52
96,53
96,54
96,55
96,56
96,57
96,58
96,59
96,60
96,61
96,62
96,63
96,64
96,65
96,66
96,67
96,68
96,69
96,70
96,71
96,72
96,73
96,74
96,75
96,76
96,77
96,78
96,79
96,80
97,40
97,41
97,42
97,43
97,44
97,45
97,46
97,47
97,48
97,49
97,50
97,51
97,52
97,53
97,54
97,55
97,56
97,57
97,58
97,59
97,60
97,61
97,62
97,63
97,64
97,65
97,66
97,67
97,68
97,69
97,70
97,71
97,72
97,73
97,74
97,75
97,76
97,77
97,78
97,79
97,80
98,40
98,41
98,42
98,43
98,44
98,45
98,46
98,47
98,48
98,49
98,50
98,51
98,52
98,53
98,54
98,55
98,56
98,57
98,58
98,59
98,60
98,61
98,62
98,63
98,64
98,65
98,66
98,67
98,68
98,69
98,70
98,71
98,72
98,73
98,74
98,75
98,76
98,77
98,78
98,79
98,80
99,40
99,41
99,42
99,43
99,44
99,45
99,46
99,47
99,48
99,49
99,50
99,51
99,52
99,53
99,54
99,55
99,56
99,57
99,58
99,59
99,60
99,61
99,62
99,63
99,64
99,65
99,66
99,67
99,68
99,69
99,70
99,71
99,72
99,73
99,74
99,75
99,76
99,77
99,78
99,79
99,80
100,40
100,41
100,42
100,43
100,44
100,45
100,46
100,47
100,48
100,49
100,50
100,51
100,52
100,53
100,54
100,55
100,56
100,57
100,58
100,59
100,60
100,61
100,62
100,63
100,64
100,65
100,66
100,67
100,68
100,69
100,70
100,71
100,72
100,73
100,74
100,75
100,76
100,77
100,78
100,79
100,80
